-- Story 3.3: Reproducible mock portfolio (~20 projects, FR-19)
-- Fixed UUIDs for pilot environments; fictional customer names only

INSERT INTO projects (id, name, customer_name, status, start_date, planned_end_date, actual_end_date, progress_percent, schedule_deviation_days, created_at) VALUES
    ('a0000000-0000-4000-8000-000000000001', 'Nexus Analytics Pilot', 'Acme Fabrications GmbH', 'ON_TRACK', '2025-03-01', '2026-06-30', NULL, 62, 0, '2026-01-15 08:00:00+00'),
    ('a0000000-0000-4000-8000-000000000002', 'Cloud Migration Wave 2', 'Beta Systems AG', 'AT_RISK', '2025-01-15', '2026-04-30', NULL, 48, 21, '2026-01-15 08:00:00+00'),
    ('a0000000-0000-4000-8000-000000000003', 'ERP Integration Stream', 'Delta Logistics SE', 'CRITICAL', '2024-09-01', '2026-03-31', NULL, 71, 45, '2026-01-15 08:00:00+00'),
    ('a0000000-0000-4000-8000-000000000004', 'Data Platform Modernization', 'Epsilon Retail OHG', 'AT_RISK', '2025-02-01', '2026-08-31', NULL, 55, 8, '2026-01-15 08:00:00+00'),
    ('a0000000-0000-4000-8000-000000000005', 'AI Governance Framework', 'Gamma Industries KG', 'CRITICAL', '2024-11-01', '2026-05-31', NULL, 78, 5, '2026-01-15 08:00:00+00'),
    ('a0000000-0000-4000-8000-000000000006', 'Customer Portal Redesign', 'Horizon Media GmbH', 'ON_TRACK', '2025-04-01', '2026-09-30', NULL, 40, 0, '2026-01-15 08:00:00+00'),
    ('a0000000-0000-4000-8000-000000000007', 'Supply Chain Optimizer', 'Ion Trading AG', 'AT_RISK', '2025-05-15', '2026-10-31', NULL, 33, 14, '2026-01-15 08:00:00+00'),
    ('a0000000-0000-4000-8000-000000000008', 'Compliance Automation', 'Kappa Finance SE', 'ON_TRACK', '2025-06-01', '2026-07-31', NULL, 58, 12, '2026-01-15 08:00:00+00'),
    ('a0000000-0000-4000-8000-000000000009', 'Legacy Decommission', 'Lambda Telecom GmbH', 'COMPLETED', '2024-01-01', '2025-12-31', '2025-11-15', 100, 0, '2026-01-15 08:00:00+00'),
    ('a0000000-0000-4000-8000-00000000000a', 'IoT Gateway Rollout', 'Mu Engineering AG', 'ON_TRACK', '2025-07-01', '2026-11-30', NULL, 25, 0, '2026-01-15 08:00:00+00'),
    ('a0000000-0000-4000-8000-00000000000b', 'Document AI Assistant', 'Nova Services GmbH', 'ON_TRACK', '2025-08-01', '2026-12-31', NULL, 18, 0, '2026-01-15 08:00:00+00'),
    ('a0000000-0000-4000-8000-00000000000c', 'HR Self-Service Hub', 'Omega Consulting AG', 'AT_RISK', '2025-02-15', '2026-06-15', NULL, 52, 9, '2026-01-15 08:00:00+00'),
    ('a0000000-0000-4000-8000-00000000000d', 'Payment Hub Upgrade', 'Pi Insurance SE', 'ON_TRACK', '2025-09-01', '2027-01-31', NULL, 12, 0, '2026-01-15 08:00:00+00'),
    ('a0000000-0000-4000-8000-00000000000e', 'Quality Analytics Suite', 'Quasar Manufacturing OHG', 'AT_RISK', '2025-03-15', '2026-05-15', NULL, 67, 11, '2026-01-15 08:00:00+00'),
    ('a0000000-0000-4000-8000-00000000000f', 'Service Mesh Adoption', 'Rho Energy GmbH', 'CRITICAL', '2024-12-01', '2026-04-15', NULL, 44, 28, '2026-01-15 08:00:00+00'),
    ('a0000000-0000-4000-8000-000000000010', 'Threat Detection Platform', 'Sigma Health AG', 'ON_TRACK', '2025-10-01', '2027-02-28', NULL, 8, 0, '2026-01-15 08:00:00+00'),
    ('a0000000-0000-4000-8000-000000000011', 'Unified Reporting Layer', 'Tau Mobility GmbH', 'AT_RISK', '2025-01-01', '2026-03-31', NULL, 73, 6, '2026-01-15 08:00:00+00'),
    ('a0000000-0000-4000-8000-000000000012', 'Vendor Portal MVP', 'Upsilon Pharma SE', 'ON_TRACK', '2025-11-01', '2027-03-31', NULL, 5, 0, '2026-01-15 08:00:00+00'),
    ('a0000000-0000-4000-8000-000000000013', 'Warehouse Automation', 'Vega Retail AG', 'CRITICAL', '2024-10-15', '2026-02-28', NULL, 81, 19, '2026-01-15 08:00:00+00'),
    ('a0000000-0000-4000-8000-000000000014', 'Zero Trust Rollout', 'Zenith Telecom OHG', 'ON_TRACK', '2025-12-01', '2027-04-30', NULL, 3, 0, '2026-01-15 08:00:00+00');

INSERT INTO project_phases (id, project_id, name, phase_type, start_date, end_date, sort_order) VALUES
    ('b0000000-0000-4000-8000-000000000001', 'a0000000-0000-4000-8000-000000000001', 'Analyse & Konzeption', 'ANALYSE', '2025-03-01', '2025-06-28', 1),
    ('b0000000-0000-4000-8000-000000000002', 'a0000000-0000-4000-8000-000000000001', 'Umsetzung', 'UMSETZUNG', '2025-06-01', '2026-03-28', 2),
    ('b0000000-0000-4000-8000-000000000003', 'a0000000-0000-4000-8000-000000000001', 'Rollout & Betrieb', 'ROLLOUT', '2025-12-01', '2026-12-28', 3),
    ('b0000000-0000-4000-8000-000000000004', 'a0000000-0000-4000-8000-000000000002', 'Analyse & Konzeption', 'ANALYSE', '2025-01-01', '2025-04-28', 1),
    ('b0000000-0000-4000-8000-000000000005', 'a0000000-0000-4000-8000-000000000002', 'Umsetzung', 'UMSETZUNG', '2025-04-01', '2026-01-28', 2),
    ('b0000000-0000-4000-8000-000000000006', 'a0000000-0000-4000-8000-000000000002', 'Rollout & Betrieb', 'ROLLOUT', '2025-10-01', '2026-10-28', 3),
    ('b0000000-0000-4000-8000-000000000007', 'a0000000-0000-4000-8000-000000000003', 'Analyse & Konzeption', 'ANALYSE', '2024-09-01', '2024-12-28', 1),
    ('b0000000-0000-4000-8000-000000000008', 'a0000000-0000-4000-8000-000000000003', 'Umsetzung', 'UMSETZUNG', '2024-12-01', '2025-09-28', 2),
    ('b0000000-0000-4000-8000-000000000009', 'a0000000-0000-4000-8000-000000000003', 'Rollout & Betrieb', 'ROLLOUT', '2025-06-01', '2026-06-28', 3),
    ('b0000000-0000-4000-8000-00000000000a', 'a0000000-0000-4000-8000-000000000004', 'Analyse & Konzeption', 'ANALYSE', '2025-02-01', '2025-05-28', 1),
    ('b0000000-0000-4000-8000-00000000000b', 'a0000000-0000-4000-8000-000000000004', 'Umsetzung', 'UMSETZUNG', '2025-05-01', '2026-02-28', 2),
    ('b0000000-0000-4000-8000-00000000000c', 'a0000000-0000-4000-8000-000000000004', 'Rollout & Betrieb', 'ROLLOUT', '2025-11-01', '2026-11-28', 3),
    ('b0000000-0000-4000-8000-00000000000d', 'a0000000-0000-4000-8000-000000000005', 'Analyse & Konzeption', 'ANALYSE', '2024-11-01', '2025-02-28', 1),
    ('b0000000-0000-4000-8000-00000000000e', 'a0000000-0000-4000-8000-000000000005', 'Umsetzung', 'UMSETZUNG', '2025-02-01', '2025-11-28', 2),
    ('b0000000-0000-4000-8000-00000000000f', 'a0000000-0000-4000-8000-000000000005', 'Rollout & Betrieb', 'ROLLOUT', '2025-08-01', '2026-08-28', 3),
    ('b0000000-0000-4000-8000-000000000010', 'a0000000-0000-4000-8000-000000000006', 'Analyse & Konzeption', 'ANALYSE', '2025-04-01', '2025-07-28', 1),
    ('b0000000-0000-4000-8000-000000000011', 'a0000000-0000-4000-8000-000000000006', 'Umsetzung', 'UMSETZUNG', '2025-07-01', '2026-04-28', 2),
    ('b0000000-0000-4000-8000-000000000012', 'a0000000-0000-4000-8000-000000000006', 'Rollout & Betrieb', 'ROLLOUT', '2026-01-01', '2027-01-28', 3),
    ('b0000000-0000-4000-8000-000000000013', 'a0000000-0000-4000-8000-000000000007', 'Analyse & Konzeption', 'ANALYSE', '2025-05-01', '2025-08-28', 1),
    ('b0000000-0000-4000-8000-000000000014', 'a0000000-0000-4000-8000-000000000007', 'Umsetzung', 'UMSETZUNG', '2025-08-01', '2026-05-28', 2),
    ('b0000000-0000-4000-8000-000000000015', 'a0000000-0000-4000-8000-000000000007', 'Rollout & Betrieb', 'ROLLOUT', '2026-02-01', '2027-02-28', 3),
    ('b0000000-0000-4000-8000-000000000016', 'a0000000-0000-4000-8000-000000000008', 'Analyse & Konzeption', 'ANALYSE', '2025-06-01', '2025-09-28', 1),
    ('b0000000-0000-4000-8000-000000000017', 'a0000000-0000-4000-8000-000000000008', 'Umsetzung', 'UMSETZUNG', '2025-09-01', '2026-06-28', 2),
    ('b0000000-0000-4000-8000-000000000018', 'a0000000-0000-4000-8000-000000000008', 'Rollout & Betrieb', 'ROLLOUT', '2026-03-01', '2027-03-28', 3),
    ('b0000000-0000-4000-8000-000000000019', 'a0000000-0000-4000-8000-000000000009', 'Analyse & Konzeption', 'ANALYSE', '2024-01-01', '2024-04-28', 1),
    ('b0000000-0000-4000-8000-00000000001a', 'a0000000-0000-4000-8000-000000000009', 'Umsetzung', 'UMSETZUNG', '2024-04-01', '2025-01-28', 2),
    ('b0000000-0000-4000-8000-00000000001b', 'a0000000-0000-4000-8000-000000000009', 'Rollout & Betrieb', 'ROLLOUT', '2024-10-01', '2025-10-28', 3),
    ('b0000000-0000-4000-8000-00000000001c', 'a0000000-0000-4000-8000-00000000000a', 'Analyse & Konzeption', 'ANALYSE', '2025-07-01', '2025-10-28', 1),
    ('b0000000-0000-4000-8000-00000000001d', 'a0000000-0000-4000-8000-00000000000a', 'Umsetzung', 'UMSETZUNG', '2025-10-01', '2026-07-28', 2),
    ('b0000000-0000-4000-8000-00000000001e', 'a0000000-0000-4000-8000-00000000000a', 'Rollout & Betrieb', 'ROLLOUT', '2026-04-01', '2027-04-28', 3),
    ('b0000000-0000-4000-8000-00000000001f', 'a0000000-0000-4000-8000-00000000000b', 'Analyse & Konzeption', 'ANALYSE', '2025-08-01', '2025-11-28', 1),
    ('b0000000-0000-4000-8000-000000000020', 'a0000000-0000-4000-8000-00000000000b', 'Umsetzung', 'UMSETZUNG', '2025-11-01', '2026-08-28', 2),
    ('b0000000-0000-4000-8000-000000000021', 'a0000000-0000-4000-8000-00000000000b', 'Rollout & Betrieb', 'ROLLOUT', '2026-05-01', '2027-05-28', 3),
    ('b0000000-0000-4000-8000-000000000022', 'a0000000-0000-4000-8000-00000000000c', 'Analyse & Konzeption', 'ANALYSE', '2025-02-01', '2025-05-28', 1),
    ('b0000000-0000-4000-8000-000000000023', 'a0000000-0000-4000-8000-00000000000c', 'Umsetzung', 'UMSETZUNG', '2025-05-01', '2026-02-28', 2),
    ('b0000000-0000-4000-8000-000000000024', 'a0000000-0000-4000-8000-00000000000c', 'Rollout & Betrieb', 'ROLLOUT', '2025-11-01', '2026-11-28', 3),
    ('b0000000-0000-4000-8000-000000000025', 'a0000000-0000-4000-8000-00000000000d', 'Analyse & Konzeption', 'ANALYSE', '2025-09-01', '2025-12-28', 1),
    ('b0000000-0000-4000-8000-000000000026', 'a0000000-0000-4000-8000-00000000000d', 'Umsetzung', 'UMSETZUNG', '2025-12-01', '2026-09-28', 2),
    ('b0000000-0000-4000-8000-000000000027', 'a0000000-0000-4000-8000-00000000000d', 'Rollout & Betrieb', 'ROLLOUT', '2026-06-01', '2027-06-28', 3),
    ('b0000000-0000-4000-8000-000000000028', 'a0000000-0000-4000-8000-00000000000e', 'Analyse & Konzeption', 'ANALYSE', '2025-03-01', '2025-06-28', 1),
    ('b0000000-0000-4000-8000-000000000029', 'a0000000-0000-4000-8000-00000000000e', 'Umsetzung', 'UMSETZUNG', '2025-06-01', '2026-03-28', 2),
    ('b0000000-0000-4000-8000-00000000002a', 'a0000000-0000-4000-8000-00000000000e', 'Rollout & Betrieb', 'ROLLOUT', '2025-12-01', '2026-12-28', 3),
    ('b0000000-0000-4000-8000-00000000002b', 'a0000000-0000-4000-8000-00000000000f', 'Analyse & Konzeption', 'ANALYSE', '2024-12-01', '2025-03-28', 1),
    ('b0000000-0000-4000-8000-00000000002c', 'a0000000-0000-4000-8000-00000000000f', 'Umsetzung', 'UMSETZUNG', '2025-03-01', '2025-12-28', 2),
    ('b0000000-0000-4000-8000-00000000002d', 'a0000000-0000-4000-8000-00000000000f', 'Rollout & Betrieb', 'ROLLOUT', '2025-09-01', '2026-09-28', 3),
    ('b0000000-0000-4000-8000-00000000002e', 'a0000000-0000-4000-8000-000000000010', 'Analyse & Konzeption', 'ANALYSE', '2025-10-01', '2026-01-28', 1),
    ('b0000000-0000-4000-8000-00000000002f', 'a0000000-0000-4000-8000-000000000010', 'Umsetzung', 'UMSETZUNG', '2026-01-01', '2026-10-28', 2),
    ('b0000000-0000-4000-8000-000000000030', 'a0000000-0000-4000-8000-000000000010', 'Rollout & Betrieb', 'ROLLOUT', '2026-07-01', '2027-07-28', 3),
    ('b0000000-0000-4000-8000-000000000031', 'a0000000-0000-4000-8000-000000000011', 'Analyse & Konzeption', 'ANALYSE', '2025-01-01', '2025-04-28', 1),
    ('b0000000-0000-4000-8000-000000000032', 'a0000000-0000-4000-8000-000000000011', 'Umsetzung', 'UMSETZUNG', '2025-04-01', '2026-01-28', 2),
    ('b0000000-0000-4000-8000-000000000033', 'a0000000-0000-4000-8000-000000000011', 'Rollout & Betrieb', 'ROLLOUT', '2025-10-01', '2026-10-28', 3),
    ('b0000000-0000-4000-8000-000000000034', 'a0000000-0000-4000-8000-000000000012', 'Analyse & Konzeption', 'ANALYSE', '2025-11-01', '2026-02-28', 1),
    ('b0000000-0000-4000-8000-000000000035', 'a0000000-0000-4000-8000-000000000012', 'Umsetzung', 'UMSETZUNG', '2026-02-01', '2026-11-28', 2),
    ('b0000000-0000-4000-8000-000000000036', 'a0000000-0000-4000-8000-000000000012', 'Rollout & Betrieb', 'ROLLOUT', '2026-08-01', '2027-08-28', 3),
    ('b0000000-0000-4000-8000-000000000037', 'a0000000-0000-4000-8000-000000000013', 'Analyse & Konzeption', 'ANALYSE', '2024-10-01', '2025-01-28', 1),
    ('b0000000-0000-4000-8000-000000000038', 'a0000000-0000-4000-8000-000000000013', 'Umsetzung', 'UMSETZUNG', '2025-01-01', '2025-10-28', 2),
    ('b0000000-0000-4000-8000-000000000039', 'a0000000-0000-4000-8000-000000000013', 'Rollout & Betrieb', 'ROLLOUT', '2025-07-01', '2026-07-28', 3),
    ('b0000000-0000-4000-8000-00000000003a', 'a0000000-0000-4000-8000-000000000014', 'Analyse & Konzeption', 'ANALYSE', '2025-12-01', '2026-03-28', 1),
    ('b0000000-0000-4000-8000-00000000003b', 'a0000000-0000-4000-8000-000000000014', 'Umsetzung', 'UMSETZUNG', '2026-03-01', '2026-12-28', 2),
    ('b0000000-0000-4000-8000-00000000003c', 'a0000000-0000-4000-8000-000000000014', 'Rollout & Betrieb', 'ROLLOUT', '2026-09-01', '2027-09-28', 3);

INSERT INTO milestones (id, project_id, name, due_date, completed_date, status) VALUES
    ('c0000000-0000-4000-8000-000000000001', 'a0000000-0000-4000-8000-000000000001', 'Design-Freeze', '2026-06-30', NULL, 'ON_TRACK'),
    ('c0000000-0000-4000-8000-000000000002', 'a0000000-0000-4000-8000-000000000001', 'Pilot-Release', '2026-06-30', NULL, 'ON_TRACK'),
    ('c0000000-0000-4000-8000-000000000003', 'a0000000-0000-4000-8000-000000000002', 'Integrations-Meilenstein', '2026-04-30', NULL, 'OVERDUE'),
    ('c0000000-0000-4000-8000-000000000004', 'a0000000-0000-4000-8000-000000000002', 'Abnahme Phase 2', '2026-04-30', NULL, 'AT_RISK'),
    ('c0000000-0000-4000-8000-000000000005', 'a0000000-0000-4000-8000-000000000003', 'Integrations-Meilenstein', '2026-03-31', NULL, 'OVERDUE'),
    ('c0000000-0000-4000-8000-000000000006', 'a0000000-0000-4000-8000-000000000003', 'Abnahme Phase 2', '2026-03-31', NULL, 'AT_RISK'),
    ('c0000000-0000-4000-8000-000000000007', 'a0000000-0000-4000-8000-000000000004', 'Design-Freeze', '2026-08-31', NULL, 'ON_TRACK'),
    ('c0000000-0000-4000-8000-000000000008', 'a0000000-0000-4000-8000-000000000004', 'Pilot-Release', '2026-08-31', NULL, 'ON_TRACK'),
    ('c0000000-0000-4000-8000-000000000009', 'a0000000-0000-4000-8000-000000000005', 'Design-Freeze', '2026-05-31', NULL, 'ON_TRACK'),
    ('c0000000-0000-4000-8000-00000000000a', 'a0000000-0000-4000-8000-000000000005', 'Pilot-Release', '2026-05-31', NULL, 'ON_TRACK'),
    ('c0000000-0000-4000-8000-00000000000b', 'a0000000-0000-4000-8000-000000000006', 'Design-Freeze', '2026-09-30', NULL, 'ON_TRACK'),
    ('c0000000-0000-4000-8000-00000000000c', 'a0000000-0000-4000-8000-000000000006', 'Pilot-Release', '2026-09-30', NULL, 'ON_TRACK'),
    ('c0000000-0000-4000-8000-00000000000d', 'a0000000-0000-4000-8000-000000000007', 'Integrations-Meilenstein', '2026-10-31', NULL, 'OVERDUE'),
    ('c0000000-0000-4000-8000-00000000000e', 'a0000000-0000-4000-8000-000000000007', 'Abnahme Phase 2', '2026-10-31', NULL, 'AT_RISK'),
    ('c0000000-0000-4000-8000-00000000000f', 'a0000000-0000-4000-8000-000000000008', 'Integrations-Meilenstein', '2026-07-31', NULL, 'OVERDUE'),
    ('c0000000-0000-4000-8000-000000000010', 'a0000000-0000-4000-8000-000000000008', 'Abnahme Phase 2', '2026-07-31', NULL, 'AT_RISK'),
    ('c0000000-0000-4000-8000-000000000011', 'a0000000-0000-4000-8000-000000000009', 'Kick-off abgeschlossen', '2024-01-01', '2024-01-01', 'DONE'),
    ('c0000000-0000-4000-8000-000000000012', 'a0000000-0000-4000-8000-000000000009', 'Go-Live', '2025-12-31', '2025-11-15', 'DONE'),
    ('c0000000-0000-4000-8000-000000000013', 'a0000000-0000-4000-8000-00000000000a', 'Design-Freeze', '2026-11-30', NULL, 'ON_TRACK'),
    ('c0000000-0000-4000-8000-000000000014', 'a0000000-0000-4000-8000-00000000000a', 'Pilot-Release', '2026-11-30', NULL, 'ON_TRACK'),
    ('c0000000-0000-4000-8000-000000000015', 'a0000000-0000-4000-8000-00000000000b', 'Design-Freeze', '2026-12-31', NULL, 'ON_TRACK'),
    ('c0000000-0000-4000-8000-000000000016', 'a0000000-0000-4000-8000-00000000000b', 'Pilot-Release', '2026-12-31', NULL, 'ON_TRACK'),
    ('c0000000-0000-4000-8000-000000000017', 'a0000000-0000-4000-8000-00000000000c', 'Design-Freeze', '2026-06-15', NULL, 'ON_TRACK'),
    ('c0000000-0000-4000-8000-000000000018', 'a0000000-0000-4000-8000-00000000000c', 'Pilot-Release', '2026-06-15', NULL, 'ON_TRACK'),
    ('c0000000-0000-4000-8000-000000000019', 'a0000000-0000-4000-8000-00000000000d', 'Design-Freeze', '2027-01-31', NULL, 'ON_TRACK'),
    ('c0000000-0000-4000-8000-00000000001a', 'a0000000-0000-4000-8000-00000000000d', 'Pilot-Release', '2027-01-31', NULL, 'ON_TRACK'),
    ('c0000000-0000-4000-8000-00000000001b', 'a0000000-0000-4000-8000-00000000000e', 'Integrations-Meilenstein', '2026-05-15', NULL, 'OVERDUE'),
    ('c0000000-0000-4000-8000-00000000001c', 'a0000000-0000-4000-8000-00000000000e', 'Abnahme Phase 2', '2026-05-15', NULL, 'AT_RISK'),
    ('c0000000-0000-4000-8000-00000000001d', 'a0000000-0000-4000-8000-00000000000f', 'Integrations-Meilenstein', '2026-04-15', NULL, 'OVERDUE'),
    ('c0000000-0000-4000-8000-00000000001e', 'a0000000-0000-4000-8000-00000000000f', 'Abnahme Phase 2', '2026-04-15', NULL, 'AT_RISK'),
    ('c0000000-0000-4000-8000-00000000001f', 'a0000000-0000-4000-8000-000000000010', 'Design-Freeze', '2027-02-28', NULL, 'ON_TRACK'),
    ('c0000000-0000-4000-8000-000000000020', 'a0000000-0000-4000-8000-000000000010', 'Pilot-Release', '2027-02-28', NULL, 'ON_TRACK'),
    ('c0000000-0000-4000-8000-000000000021', 'a0000000-0000-4000-8000-000000000011', 'Design-Freeze', '2026-03-31', NULL, 'ON_TRACK'),
    ('c0000000-0000-4000-8000-000000000022', 'a0000000-0000-4000-8000-000000000011', 'Pilot-Release', '2026-03-31', NULL, 'ON_TRACK'),
    ('c0000000-0000-4000-8000-000000000023', 'a0000000-0000-4000-8000-000000000012', 'Design-Freeze', '2027-03-31', NULL, 'ON_TRACK'),
    ('c0000000-0000-4000-8000-000000000024', 'a0000000-0000-4000-8000-000000000012', 'Pilot-Release', '2027-03-31', NULL, 'ON_TRACK'),
    ('c0000000-0000-4000-8000-000000000025', 'a0000000-0000-4000-8000-000000000013', 'Integrations-Meilenstein', '2026-02-28', NULL, 'OVERDUE'),
    ('c0000000-0000-4000-8000-000000000026', 'a0000000-0000-4000-8000-000000000013', 'Abnahme Phase 2', '2026-02-28', NULL, 'AT_RISK'),
    ('c0000000-0000-4000-8000-000000000027', 'a0000000-0000-4000-8000-000000000014', 'Design-Freeze', '2027-04-30', NULL, 'ON_TRACK'),
    ('c0000000-0000-4000-8000-000000000028', 'a0000000-0000-4000-8000-000000000014', 'Pilot-Release', '2027-04-30', NULL, 'ON_TRACK');

INSERT INTO risks (id, project_id, title, description, severity, mitigation_measure, status) VALUES
    ('d0000000-0000-4000-8000-000000000001', 'a0000000-0000-4000-8000-000000000006', 'API-Stabilität extern', 'Schnittstellenpartner liefert unregelmäßige Releases.', 'MEDIUM', 'Wöchentliche Abstimmung mit Vendor.', 'OPEN'),
    ('d0000000-0000-4000-8000-000000000002', 'a0000000-0000-4000-8000-000000000006', 'Testdaten unvollständig', 'Staging-Umgebung deckt Randfälle nicht ab.', 'HIGH', 'Synthetische Datensätze ergänzen.', 'OPEN'),
    ('d0000000-0000-4000-8000-000000000003', 'a0000000-0000-4000-8000-000000000007', 'Lieferketten-Störung', 'Hardware-Lieferung verzögert sich um 3 Wochen.', 'HIGH', 'Alternativen-Lieferant prüfen.', 'OPEN'),
    ('d0000000-0000-4000-8000-000000000004', 'a0000000-0000-4000-8000-000000000007', 'Change-Widerstand', 'Key-User akzeptieren neue Prozesse zögerlich.', 'MEDIUM', 'Schulungsplan intensivieren.', 'OPEN'),
    ('d0000000-0000-4000-8000-000000000005', 'a0000000-0000-4000-8000-000000000007', 'Integrationskomplexität', 'Altsystem-Schnittstelle undokumentiert.', 'HIGH', 'Reverse-Engineering-Workshop.', 'OPEN'),
    ('d0000000-0000-4000-8000-000000000006', 'a0000000-0000-4000-8000-000000000008', 'Regulatorische Änderung', 'Neue Compliance-Vorgabe tritt früher in Kraft.', 'HIGH', 'Impact-Analyse mit Legal.', 'OPEN'),
    ('d0000000-0000-4000-8000-000000000007', 'a0000000-0000-4000-8000-000000000001', 'Ressourcenverfügbarkeit', 'Urlaubszeit reduziert Teamkapazität temporär.', 'LOW', 'Urlaubsplanung mit PMO abstimmen.', 'CLOSED'),
    ('d0000000-0000-4000-8000-000000000008', 'a0000000-0000-4000-8000-000000000002', 'Ressourcenverfügbarkeit', 'Urlaubszeit reduziert Teamkapazität temporär.', 'LOW', 'Urlaubsplanung mit PMO abstimmen.', 'CLOSED'),
    ('d0000000-0000-4000-8000-000000000009', 'a0000000-0000-4000-8000-000000000003', 'Ressourcenverfügbarkeit', 'Urlaubszeit reduziert Teamkapazität temporär.', 'LOW', 'Urlaubsplanung mit PMO abstimmen.', 'CLOSED'),
    ('d0000000-0000-4000-8000-00000000000a', 'a0000000-0000-4000-8000-000000000004', 'Ressourcenverfügbarkeit', 'Urlaubszeit reduziert Teamkapazität temporär.', 'LOW', 'Urlaubsplanung mit PMO abstimmen.', 'CLOSED'),
    ('d0000000-0000-4000-8000-00000000000b', 'a0000000-0000-4000-8000-000000000005', 'Ressourcenverfügbarkeit', 'Urlaubszeit reduziert Teamkapazität temporär.', 'LOW', 'Urlaubsplanung mit PMO abstimmen.', 'CLOSED'),
    ('d0000000-0000-4000-8000-00000000000c', 'a0000000-0000-4000-8000-00000000000a', 'Ressourcenverfügbarkeit', 'Urlaubszeit reduziert Teamkapazität temporär.', 'LOW', 'Urlaubsplanung mit PMO abstimmen.', 'CLOSED'),
    ('d0000000-0000-4000-8000-00000000000d', 'a0000000-0000-4000-8000-00000000000b', 'Ressourcenverfügbarkeit', 'Urlaubszeit reduziert Teamkapazität temporär.', 'LOW', 'Urlaubsplanung mit PMO abstimmen.', 'CLOSED'),
    ('d0000000-0000-4000-8000-00000000000e', 'a0000000-0000-4000-8000-00000000000c', 'Ressourcenverfügbarkeit', 'Urlaubszeit reduziert Teamkapazität temporär.', 'LOW', 'Urlaubsplanung mit PMO abstimmen.', 'CLOSED'),
    ('d0000000-0000-4000-8000-00000000000f', 'a0000000-0000-4000-8000-00000000000d', 'Ressourcenverfügbarkeit', 'Urlaubszeit reduziert Teamkapazität temporär.', 'LOW', 'Urlaubsplanung mit PMO abstimmen.', 'CLOSED'),
    ('d0000000-0000-4000-8000-000000000010', 'a0000000-0000-4000-8000-00000000000e', 'Ressourcenverfügbarkeit', 'Urlaubszeit reduziert Teamkapazität temporär.', 'LOW', 'Urlaubsplanung mit PMO abstimmen.', 'CLOSED'),
    ('d0000000-0000-4000-8000-000000000011', 'a0000000-0000-4000-8000-00000000000f', 'Ressourcenverfügbarkeit', 'Urlaubszeit reduziert Teamkapazität temporär.', 'LOW', 'Urlaubsplanung mit PMO abstimmen.', 'CLOSED'),
    ('d0000000-0000-4000-8000-000000000012', 'a0000000-0000-4000-8000-000000000010', 'Ressourcenverfügbarkeit', 'Urlaubszeit reduziert Teamkapazität temporär.', 'LOW', 'Urlaubsplanung mit PMO abstimmen.', 'CLOSED'),
    ('d0000000-0000-4000-8000-000000000013', 'a0000000-0000-4000-8000-000000000011', 'Ressourcenverfügbarkeit', 'Urlaubszeit reduziert Teamkapazität temporär.', 'LOW', 'Urlaubsplanung mit PMO abstimmen.', 'CLOSED'),
    ('d0000000-0000-4000-8000-000000000014', 'a0000000-0000-4000-8000-000000000012', 'Ressourcenverfügbarkeit', 'Urlaubszeit reduziert Teamkapazität temporär.', 'LOW', 'Urlaubsplanung mit PMO abstimmen.', 'CLOSED'),
    ('d0000000-0000-4000-8000-000000000015', 'a0000000-0000-4000-8000-000000000013', 'Ressourcenverfügbarkeit', 'Urlaubszeit reduziert Teamkapazität temporär.', 'LOW', 'Urlaubsplanung mit PMO abstimmen.', 'CLOSED'),
    ('d0000000-0000-4000-8000-000000000016', 'a0000000-0000-4000-8000-000000000014', 'Ressourcenverfügbarkeit', 'Urlaubszeit reduziert Teamkapazität temporär.', 'LOW', 'Urlaubsplanung mit PMO abstimmen.', 'CLOSED'),
    ('d0000000-0000-4000-8000-000000000017', 'a0000000-0000-4000-8000-000000000002', 'Scope Creep', 'Zusätzliche Anforderungen ohne Change Request.', 'MEDIUM', 'Change-Board etablieren.', 'OPEN'),
    ('d0000000-0000-4000-8000-000000000018', 'a0000000-0000-4000-8000-000000000003', 'Scope Creep', 'Zusätzliche Anforderungen ohne Change Request.', 'MEDIUM', 'Change-Board etablieren.', 'OPEN'),
    ('d0000000-0000-4000-8000-000000000019', 'a0000000-0000-4000-8000-00000000000f', 'Scope Creep', 'Zusätzliche Anforderungen ohne Change Request.', 'MEDIUM', 'Change-Board etablieren.', 'OPEN'),
    ('d0000000-0000-4000-8000-00000000001a', 'a0000000-0000-4000-8000-000000000013', 'Scope Creep', 'Zusätzliche Anforderungen ohne Change Request.', 'MEDIUM', 'Change-Board etablieren.', 'OPEN');

INSERT INTO project_budgets (id, project_id, planned_budget, actual_budget, planned_effort_days, actual_effort_days, currency) VALUES
    ('e0000000-0000-4000-8000-000000000001', 'a0000000-0000-4000-8000-000000000001', 500000.00, 475000.00, 120.00, 108.00, 'EUR'),
    ('e0000000-0000-4000-8000-000000000002', 'a0000000-0000-4000-8000-000000000002', 420000.00, 398000.00, 95.00, 88.00, 'EUR'),
    ('e0000000-0000-4000-8000-000000000003', 'a0000000-0000-4000-8000-000000000003', 680000.00, 655000.00, 180.00, 172.00, 'EUR'),
    ('e0000000-0000-4000-8000-000000000004', 'a0000000-0000-4000-8000-000000000004', 580000.00, 652000.00, 140.00, 155.00, 'EUR'),
    ('e0000000-0000-4000-8000-000000000005', 'a0000000-0000-4000-8000-000000000005', 750000.00, 1012500.00, 200.00, 245.00, 'EUR'),
    ('e0000000-0000-4000-8000-000000000006', 'a0000000-0000-4000-8000-000000000006', 390000.00, 365000.00, 85.00, 72.00, 'EUR'),
    ('e0000000-0000-4000-8000-000000000007', 'a0000000-0000-4000-8000-000000000007', 510000.00, 488000.00, 110.00, 98.00, 'EUR'),
    ('e0000000-0000-4000-8000-000000000008', 'a0000000-0000-4000-8000-000000000008', 440000.00, 481600.00, 100.00, 112.00, 'EUR'),
    ('e0000000-0000-4000-8000-000000000009', 'a0000000-0000-4000-8000-000000000009', 320000.00, 315000.00, 90.00, 89.00, 'EUR'),
    ('e0000000-0000-4000-8000-00000000000a', 'a0000000-0000-4000-8000-00000000000a', 560000.00, 520000.00, 130.00, 115.00, 'EUR'),
    ('e0000000-0000-4000-8000-00000000000b', 'a0000000-0000-4000-8000-00000000000b', 280000.00, 265000.00, 70.00, 62.00, 'EUR'),
    ('e0000000-0000-4000-8000-00000000000c', 'a0000000-0000-4000-8000-00000000000c', 410000.00, 395000.00, 98.00, 91.00, 'EUR'),
    ('e0000000-0000-4000-8000-00000000000d', 'a0000000-0000-4000-8000-00000000000d', 620000.00, 590000.00, 150.00, 138.00, 'EUR'),
    ('e0000000-0000-4000-8000-00000000000e', 'a0000000-0000-4000-8000-00000000000e', 470000.00, 455000.00, 115.00, 107.00, 'EUR'),
    ('e0000000-0000-4000-8000-00000000000f', 'a0000000-0000-4000-8000-00000000000f', 530000.00, 512000.00, 125.00, 118.00, 'EUR'),
    ('e0000000-0000-4000-8000-000000000010', 'a0000000-0000-4000-8000-000000000010', 350000.00, 330000.00, 88.00, 80.00, 'EUR'),
    ('e0000000-0000-4000-8000-000000000011', 'a0000000-0000-4000-8000-000000000011', 460000.00, 442000.00, 105.00, 99.00, 'EUR'),
    ('e0000000-0000-4000-8000-000000000012', 'a0000000-0000-4000-8000-000000000012', 300000.00, 285000.00, 75.00, 68.00, 'EUR'),
    ('e0000000-0000-4000-8000-000000000013', 'a0000000-0000-4000-8000-000000000013', 720000.00, 698000.00, 190.00, 182.00, 'EUR'),
    ('e0000000-0000-4000-8000-000000000014', 'a0000000-0000-4000-8000-000000000014', 640000.00, 610000.00, 160.00, 148.00, 'EUR');
